datadate,price
10/5/1998,115.89
10/6/1998,115.56
10/7/1998,114.82999
10/8/1998,112.43
10/9/1998,111.35
10/12/1998,111.26999
10/13/1998,112.17
10/14/1998,112.78
10/15/1998,112.74
10/16/1998,113.37999
10/19/1998,113.1
10/20/1998,112.84
10/21/1998,113.09
10/22/1998,112.9
10/23/1998,112.67
10/26/1998,112.39
10/27/1998,112.79999
10/28/1998,112.74
10/29/1998,112.68999
10/30/1998,112.64
11/2/1998,112.18999
11/3/1998,112.75
11/4/1998,112.51999
11/5/1998,112.39
11/6/1998,111.89
11/9/1998,112.40999
11/10/1998,112.51999
11/11/1998,112.43
11/12/1998,112.76999
11/13/1998,112.87
11/16/1998,112.89
11/17/1998,113.14
11/18/1998,113.76999
11/19/1998,114
11/20/1998,114.1
11/23/1998,114.06
11/24/1998,114.15999
11/25/1998,114.24
11/26/1998,114.39
11/27/1998,114.54
11/30/1998,114.89
12/1/1998,115.10999
12/2/1998,115.67
12/3/1998,115.40999
12/4/1998,115.5
12/7/1998,115.45
12/8/1998,115.7
12/9/1998,116.37
12/10/1998,116.46
12/11/1998,116.28
12/14/1998,116.06
12/15/1998,115.82999
12/16/1998,115.71
12/17/1998,115.89
12/18/1998,116.14
12/21/1998,115.92
12/22/1998,115.25
12/23/1998,115.32
12/28/1998,115.24
12/29/1998,115.64
12/30/1998,115.78
1/4/1999,116.6
1/5/1999,116.56
1/6/1999,116.76999
1/7/1999,116.62999
1/8/1999,116.82
1/11/1999,115.98
1/12/1999,116.75
1/13/1999,117.03
1/14/1999,117.32
1/15/1999,117.18999
1/18/1999,117.4
1/19/1999,117.48
1/20/1999,117.07
1/21/1999,117.51999
1/22/1999,117.73
1/25/1999,117.7
1/26/1999,117.67
1/27/1999,117.73
1/28/1999,117.7
1/29/1999,117.57
2/1/1999,117.03
2/2/1999,117.18999
2/3/1999,116.75
2/4/1999,116.1
2/5/1999,116.29
2/8/1999,115.68999
2/9/1999,116.32
2/10/1999,116.35999
2/11/1999,116.56
2/12/1999,115.73
2/15/1999,115.18999
2/16/1999,115.18999
2/17/1999,115.53
2/18/1999,115.34
2/19/1999,115.54999
2/22/1999,115.87999
2/23/1999,116.1
2/24/1999,115.82
2/25/1999,114.54
2/26/1999,114.48
3/1/1999,112.90999
3/2/1999,113.06
3/3/1999,112.5
3/4/1999,112.32
3/5/1999,113.71
3/8/1999,113.29
3/9/1999,113.03
3/10/1999,113.24
3/11/1999,114.04
3/12/1999,113.76999
3/15/1999,113.79
3/16/1999,114.37999
3/17/1999,114.46
3/18/1999,114.60999
3/19/1999,114.43999
3/22/1999,114.26999
3/23/1999,113.90999
3/24/1999,113.99
3/25/1999,114.09
3/26/1999,113.57999
3/29/1999,113.49
3/30/1999,113.79999
3/31/1999,114
4/1/1999,113.93999
4/6/1999,115.09
4/7/1999,115.03
4/8/1999,115.95
4/9/1999,115.76999
4/12/1999,116.1
4/13/1999,115.68
4/14/1999,115.71
4/15/1999,115.35999
4/16/1999,115.39
4/19/1999,115.53
4/20/1999,115.60999
4/21/1999,115.73
4/22/1999,115.56
4/23/1999,115.65999
4/26/1999,115.43
4/27/1999,115.76
4/28/1999,115.48
4/29/1999,116.01999
4/30/1999,115.35
5/3/1999,115.65999
5/4/1999,115.10999
5/5/1999,115.2
5/6/1999,114.7
5/7/1999,114.82
5/10/1999,114.67
5/11/1999,114.6
5/12/1999,114.65999
5/14/1999,113.82
5/17/1999,113.87
5/18/1999,114.24
5/19/1999,114.10999
5/20/1999,114.28
5/21/1999,114.81
5/25/1999,114.79
5/26/1999,114.71999
5/27/1999,114.17
5/28/1999,114.24
5/31/1999,114.15999
6/1/1999,112.62999
6/2/1999,112.28
6/4/1999,112.07999
6/7/1999,112.51999
6/8/1999,112.40999
6/9/1999,112.12
6/10/1999,111.04999
6/11/1999,110.78
6/14/1999,111.45
6/15/1999,111.68
6/16/1999,111.76
6/17/1999,112.42
6/18/1999,112.24
6/21/1999,111.35999
6/22/1999,111.01
6/23/1999,110.42
6/24/1999,109.51
6/25/1999,109.98
6/28/1999,109.92
6/29/1999,110.28
6/30/1999,110.40999
7/1/1999,109.82999
7/2/1999,109.48
7/5/1999,109.6
7/6/1999,109
7/7/1999,108.29999
7/8/1999,108.62999
7/9/1999,108.51999
7/12/1999,109.37999
7/13/1999,109.32999
7/14/1999,109.46999
7/15/1999,108.46
7/16/1999,108.90999
7/19/1999,109.12
7/20/1999,109.68999
7/21/1999,110.09
7/22/1999,109.65999
7/23/1999,109.43
7/26/1999,109.64
7/27/1999,109.49
7/28/1999,109.54
7/29/1999,108.87999
7/30/1999,108.37999
8/2/1999,107.87
8/3/1999,107.79999
8/4/1999,107.89
8/5/1999,107.28
8/6/1999,106.71
8/9/1999,107.12
8/10/1999,107.09
8/11/1999,107.4
8/12/1999,108.04
8/13/1999,108.15
8/16/1999,107.90999
8/17/1999,108.18999
8/18/1999,108.49
8/19/1999,108.54
8/20/1999,108.93999
8/23/1999,108.82999
8/24/1999,108.79999
8/25/1999,109.67
8/26/1999,109.14
8/27/1999,108.87
8/30/1999,108.2
8/31/1999,107.87
9/1/1999,106.81
9/2/1999,105.99
9/3/1999,106.62999
9/6/1999,106.76999
9/7/1999,105.76999
9/8/1999,106.37
9/9/1999,105.68
9/10/1999,105.90999
9/13/1999,105.51
9/14/1999,105.12
9/15/1999,104.93999
9/16/1999,105.6
9/17/1999,105.85999
9/20/1999,105.65
9/21/1999,105.5
9/22/1999,105.56
9/23/1999,106.1
9/24/1999,106.53
9/27/1999,105.76999
9/28/1999,105.85
9/29/1999,105.34
9/30/1999,105.82999
10/1/1999,104.87999
10/4/1999,105.04
10/5/1999,105.32
10/6/1999,105.14
10/7/1999,104.96999
10/8/1999,104.68999
10/11/1999,104.75
10/12/1999,104.21999
10/13/1999,104.03
10/14/1999,103.37999
10/15/1999,103.67
10/18/1999,103.76
10/19/1999,103.54
10/20/1999,103.28
10/21/1999,103.65
10/22/1999,103.65999
10/25/1999,103.24
10/26/1999,103.40999
10/27/1999,104.28
10/28/1999,104.96999
10/29/1999,105.89
11/1/1999,105.85
11/2/1999,106.29
11/3/1999,105.95
11/4/1999,106.54999
11/5/1999,107.1
11/8/1999,107.34
11/9/1999,106.92
11/10/1999,106.82999
11/11/1999,106.96
11/12/1999,107.93
11/15/1999,107.57
11/16/1999,108.2
11/17/1999,107.2
11/18/1999,106.60999
11/19/1999,106.65999
11/22/1999,106.45
11/23/1999,106.35
11/24/1999,105.93
11/25/1999,105.89
11/26/1999,105.42
11/29/1999,105.37999
11/30/1999,106.18999
12/1/1999,105.89
12/2/1999,105.26999
12/3/1999,105.79999
12/6/1999,106.45
12/7/1999,106.62999
12/8/1999,106.34
12/9/1999,106.74
12/10/1999,107.28
12/13/1999,106.81
12/14/1999,106.2
12/15/1999,106.62
12/16/1999,105.18
12/17/1999,104.76
12/20/1999,104.62999
12/21/1999,105.15
12/22/1999,104.89
12/23/1999,105
12/27/1999,105.07
12/28/1999,104.62999
12/29/1999,104.57
12/30/1999,104.14
1/3/2000,103.32
1/4/2000,103.15999
1/5/2000,102.89
1/6/2000,102.75
1/7/2000,103.59
1/10/2000,103.65
1/11/2000,102.76
1/12/2000,102.79999
1/13/2000,102.92
1/14/2000,102.65999
1/17/2000,102.67
1/18/2000,102.06
1/19/2000,102.42
1/20/2000,102.79
1/21/2000,102.54
1/24/2000,102.74
1/25/2000,103.07999
1/26/2000,102.95
1/27/2000,102.42
1/28/2000,102.87999
1/31/2000,103.03
2/1/2000,103.67
2/2/2000,103.65
2/3/2000,104.24
2/4/2000,103.37999
2/7/2000,103.10999
2/8/2000,103.56
2/9/2000,103.40999
2/10/2000,102.84
2/11/2000,102.79999
2/14/2000,103.29999
2/15/2000,103.03
2/16/2000,102.85999
2/17/2000,102.9
2/18/2000,103.18999
2/21/2000,103.46999
2/22/2000,104.18999
2/23/2000,103.96
2/24/2000,104.40999
2/25/2000,103.68999
2/28/2000,103.68
2/29/2000,103.71999
3/1/2000,103
3/2/2000,102.89
3/3/2000,103.15
3/6/2000,103.28
3/7/2000,103.31
3/8/2000,103.28
3/9/2000,104.32
3/10/2000,103.98
3/13/2000,104.21
3/14/2000,104.2
3/15/2000,104.45
3/16/2000,104.78
3/17/2000,105.18
3/20/2000,105.10999
3/21/2000,105.15999
3/22/2000,105.1
3/23/2000,105.60999
3/24/2000,105.15
3/27/2000,104.60999
3/28/2000,104.98
3/29/2000,104.64
3/30/2000,105.18999
3/31/2000,105.40999
4/3/2000,105.62999
4/4/2000,106.29999
4/5/2000,105.93999
4/6/2000,105.57
4/7/2000,105.79
4/10/2000,105.85999
4/11/2000,105.57
4/12/2000,105.6
4/13/2000,105.7
4/14/2000,105.43
4/17/2000,105.57
4/18/2000,105.31
4/19/2000,105.15999
4/20/2000,104.92
4/25/2000,104.65999
4/26/2000,105.15999
4/27/2000,104.85999
4/28/2000,105.03
5/2/2000,104.68999
5/3/2000,104.14
5/4/2000,103.67
5/5/2000,103.76
5/8/2000,103.98
5/9/2000,104.29999
5/10/2000,104.35
5/11/2000,103.79
5/12/2000,103.87
5/15/2000,104
5/16/2000,104.25
5/17/2000,103.62999
5/18/2000,103.40999
5/19/2000,103.56
5/22/2000,104.1
5/23/2000,104.23
5/24/2000,104.57
5/25/2000,105.04999
5/26/2000,105.43999
5/29/2000,105.18999
5/30/2000,105.12
5/31/2000,105.51
6/1/2000,105.96999
6/2/2000,106.17
6/5/2000,106.12999
6/6/2000,105.85
6/7/2000,105.92
6/8/2000,105.43
6/9/2000,105.7
6/12/2000,105.68999
6/13/2000,105.9
6/14/2000,105.9
6/15/2000,105.71999
6/16/2000,106.18999
6/19/2000,106.12999
6/20/2000,106.12
6/21/2000,105.43999
6/22/2000,105.10999
6/23/2000,104.98
6/26/2000,105.25
6/27/2000,105.15999
6/28/2000,104.93999
6/29/2000,105.43
6/30/2000,105.12999
7/3/2000,104.93999
7/4/2000,104.82
7/5/2000,105.12999
7/6/2000,104.6
7/7/2000,104.96
7/10/2000,104.73
7/11/2000,105.04999
7/12/2000,104.82
7/13/2000,105.01
7/14/2000,104.5
7/17/2000,104.46999
7/18/2000,104.51
7/19/2000,104.54
7/20/2000,104.95
7/21/2000,104.95
7/24/2000,105
7/25/2000,105.25
7/26/2000,105.62999
7/27/2000,105.54
7/28/2000,105.35999
7/31/2000,105.4
8/1/2000,105.79999
8/2/2000,105.65999
8/3/2000,105.57
8/4/2000,105.51999
8/7/2000,105.67
8/8/2000,105.54
8/9/2000,105.75
8/10/2000,105.92
8/11/2000,105.76999
8/14/2000,105.82999
8/15/2000,105.37
8/16/2000,105.37999
8/17/2000,105.40999
8/18/2000,105.53
8/21/2000,105
8/22/2000,105.23
8/23/2000,105.43999
8/24/2000,105.39
8/25/2000,105.21
8/28/2000,105.04999
8/29/2000,104.71999
8/30/2000,104.85
8/31/2000,104.85999
9/1/2000,105.5
9/4/2000,105.28
9/5/2000,105.23
9/6/2000,104.67
9/7/2000,104.92
9/8/2000,104.62
9/11/2000,104.64
9/12/2000,104.64
9/13/2000,104.84
9/14/2000,104.74
9/15/2000,104.60999
9/18/2000,104.31
9/19/2000,104.59
9/20/2000,104.59
9/21/2000,104.93999
9/22/2000,105.18999
9/25/2000,104.92
9/26/2000,105.1
9/27/2000,104.82
9/28/2000,105.12
9/29/2000,105.29999
10/2/2000,105.25
10/3/2000,105.2
10/4/2000,105.1
10/5/2000,105.04
10/6/2000,105.28
10/9/2000,105.48
10/10/2000,105.57
10/11/2000,105.67
10/12/2000,105.96999
10/13/2000,105.65999
10/16/2000,105.57
10/17/2000,105.5
10/18/2000,105.53
10/19/2000,105.57
10/20/2000,105.71999
10/23/2000,105.59
10/24/2000,105.60999
10/25/2000,105.25
10/26/2000,105.51
10/27/2000,105.54
10/30/2000,105.43
10/31/2000,105.46
11/1/2000,105.7
11/2/2000,105.49
11/3/2000,105.43999
11/6/2000,105.42
11/7/2000,105.24
11/8/2000,105.18999
11/9/2000,105.39
11/10/2000,105.53
11/13/2000,105.82999
11/14/2000,105.68999
11/15/2000,105.71999
11/16/2000,105.79999
11/17/2000,105.75
11/20/2000,105.93999
11/21/2000,105.81
11/22/2000,106.28
11/23/2000,106.23
11/24/2000,106.31
11/27/2000,106.43999
11/28/2000,106.6
11/29/2000,106.73
11/30/2000,107.4
12/1/2000,107.49
12/4/2000,107.79999
12/5/2000,107.9
12/6/2000,108.01999
12/7/2000,107.79999
12/8/2000,107.62999
12/11/2000,107.62999
12/12/2000,107.51999
12/13/2000,107.92
12/14/2000,108.03
12/15/2000,108.42
12/18/2000,108.54999
12/19/2000,108.24
12/20/2000,108.43999
12/21/2000,108.18999
12/22/2000,108.32999
12/27/2000,108.2
12/28/2000,108.04999
12/29/2000,108.45
1/2/2001,109.34
1/3/2001,109.37
1/4/2001,109.21999
1/5/2001,109.49
1/8/2001,109.46
1/9/2001,109.07999
1/10/2001,108.82
1/11/2001,108.79
1/12/2001,108.5
1/15/2001,108.53
1/16/2001,108.35
1/17/2001,108.60999
1/18/2001,108.60999
1/19/2001,108.35
1/22/2001,108.21999
1/23/2001,108.40999
1/24/2001,108.26999
1/25/2001,108.31
1/26/2001,108.32
1/29/2001,108.48
1/30/2001,108.74
1/31/2001,108.87
2/1/2001,108.99
2/2/2001,109
2/5/2001,109.26
2/6/2001,109.17
2/7/2001,109.32
2/8/2001,109.01
2/9/2001,109.35
2/12/2001,109.29999
2/13/2001,109.07999
2/14/2001,109.03
2/15/2001,108.60999
2/16/2001,108.79999
2/19/2001,108.87999
2/20/2001,108.73
2/21/2001,108.5
2/22/2001,108.43
2/23/2001,108.68
2/26/2001,108.65
2/27/2001,109.2
2/28/2001,109.18999
3/1/2001,109.01
3/2/2001,109.04999
3/5/2001,108.95
3/6/2001,109.01999
3/7/2001,108.93999
3/8/2001,109.24
3/9/2001,109.15
3/12/2001,109.31
3/13/2001,109.17
3/14/2001,109.56
3/15/2001,109.64
3/16/2001,109.82999
3/19/2001,109.68
3/20/2001,109.53
3/21/2001,109.82999
3/22/2001,110.32999
3/23/2001,110.18999
3/26/2001,109.90999
3/27/2001,109.54999
3/28/2001,109.67
3/29/2001,109.37999
3/30/2001,109.56
4/2/2001,109.12
4/3/2001,109.35
4/4/2001,109.01999
4/5/2001,108.98
4/6/2001,109.35999
4/9/2001,109.24
4/10/2001,108.65999
4/11/2001,108.18999
4/12/2001,108.09
4/17/2001,107.9
4/18/2001,107.75
4/19/2001,107.18
4/20/2001,107.25
4/23/2001,107.71
4/24/2001,107.35999
4/25/2001,107.54999
4/26/2001,107.82
4/27/2001,107.2
4/30/2001,106.93
5/2/2001,106.84
5/3/2001,107.15999
5/4/2001,107.37999
5/7/2001,107.40999
5/8/2001,107.49
5/9/2001,107.59
5/10/2001,107.57
5/11/2001,106.82999
5/14/2001,106.29
5/15/2001,106.42
5/16/2001,106.46999
5/17/2001,106.59
5/18/2001,106.62999
5/21/2001,106.60999
5/22/2001,106.14
5/23/2001,105.92
5/24/2001,105.89
5/25/2001,105.71
5/28/2001,105.9
5/29/2001,106.15999
5/30/2001,106.07
5/31/2001,106.15
6/1/2001,106.62
6/4/2001,106.60999
6/5/2001,107.01
6/6/2001,106.87999
6/7/2001,106.51
6/8/2001,106.57999
6/11/2001,106.64
6/12/2001,106.54999
6/13/2001,106.5
6/14/2001,106.99
6/15/2001,107.07999
6/18/2001,107.25
6/19/2001,107.04999
6/20/2001,107.35999
6/21/2001,107.54999
6/22/2001,107.85999
6/25/2001,107.60999
6/26/2001,107.34
6/27/2001,107.51999
6/28/2001,107
6/29/2001,106.51
7/2/2001,106.65
7/3/2001,106.21999
7/4/2001,106.4
7/5/2001,106.34
7/6/2001,106.67
7/9/2001,106.4
7/10/2001,106.51999
7/11/2001,106.71999
7/12/2001,106.95
7/13/2001,106.7
7/16/2001,107.14
7/17/2001,107.07
7/18/2001,107.39
7/19/2001,107.42
7/20/2001,107.64
7/23/2001,107.71999
7/24/2001,107.75
7/25/2001,107.68
7/26/2001,107.85
7/27/2001,108.18999
7/30/2001,108.15999
7/31/2001,108.37999
8/1/2001,108.18
8/2/2001,108.06
8/3/2001,108.26
8/6/2001,108.34
8/7/2001,108.26
8/8/2001,108.35
8/9/2001,108.82999
8/10/2001,109.07999
8/13/2001,109.07
8/14/2001,108.9
8/15/2001,108.87999
8/16/2001,109.12
8/17/2001,109.37999
8/20/2001,109.29
8/21/2001,108.96
8/22/2001,108.75
8/23/2001,108.76999
8/24/2001,108.48
8/27/2001,108.57999
8/28/2001,108.99
8/29/2001,109.01999
8/30/2001,109.37
8/31/2001,109.12999
9/3/2001,108.79
9/4/2001,107.75
9/5/2001,107.81
9/6/2001,108.12
9/7/2001,108.54999
9/10/2001,108.25
9/11/2001,108.89
9/12/2001,108.5
9/13/2001,108.51
9/14/2001,108.93
9/17/2001,108.68
9/18/2001,108.48
9/19/2001,108.35
9/20/2001,108.26
9/21/2001,108
9/24/2001,107.95
9/25/2001,108.35
9/26/2001,108.64
9/27/2001,108.79999
9/28/2001,108.65
10/1/2001,108.95
10/2/2001,109.48
10/3/2001,109.84
10/4/2001,109.62
10/5/2001,109.87
10/8/2001,109.62999
10/9/2001,109.45
10/10/2001,109.54999
10/11/2001,109.31
10/12/2001,109.6
10/15/2001,109.82999
10/16/2001,109.87999
10/17/2001,109.93
10/18/2001,110.14
10/19/2001,109.99
10/22/2001,110.24
10/23/2001,110.14
10/24/2001,110.5
10/25/2001,110.98
10/26/2001,111.04999
10/29/2001,111.26999
10/30/2001,111.73
10/31/2001,112
11/1/2001,112.85999
11/2/2001,112.12
11/5/2001,112.37999
11/6/2001,112.26
11/7/2001,112.71
11/8/2001,112.40999
11/9/2001,112.21999
11/12/2001,112.35999
11/13/2001,111.65999
11/14/2001,110.93999
11/15/2001,110.37999
11/16/2001,109.87
11/19/2001,110.59
11/20/2001,110.43
11/21/2001,109.76999
11/22/2001,109.76999
11/23/2001,110
11/26/2001,110.29
11/27/2001,109.32
11/28/2001,109.7
11/29/2001,110.12
11/30/2001,110.37999
12/3/2001,110.4
12/4/2001,110.75
12/5/2001,109.04999
12/6/2001,108.6
12/7/2001,107.74
12/10/2001,108
12/11/2001,108.26999
12/12/2001,109
12/13/2001,108.53
12/14/2001,108.62
12/17/2001,107.7
12/18/2001,108.18
12/19/2001,108.49
12/20/2001,108.2
12/21/2001,107.7
12/27/2001,107.10999
12/28/2001,106.79
1/2/2002,107.17
1/3/2002,107.57999
1/4/2002,107.35
1/7/2002,108.29
1/8/2002,108.07
1/9/2002,107.74
1/10/2002,108.2
1/11/2002,108.59
1/14/2002,108.95
1/15/2002,108.98
1/16/2002,108.79999
1/17/2002,108.43
1/18/2002,108.51999
1/21/2002,108.65999
1/22/2002,108.24
1/23/2002,108.54999
1/24/2002,107.92
1/25/2002,107.1
1/28/2002,107.28
1/29/2002,107.54999
1/30/2002,107.68999
1/31/2002,107.89
2/1/2002,108.04999
2/4/2002,108.46
2/5/2002,108.56
2/6/2002,108.40999
2/7/2002,107.65999
2/8/2002,107.84
2/11/2002,107.73
2/12/2002,107.46999
2/13/2002,107.26999
2/14/2002,107.56
2/15/2002,107.92
2/18/2002,107.9
2/19/2002,107.62
2/20/2002,107.71999
2/21/2002,107.43
2/22/2002,107.95
2/25/2002,107.54999
2/26/2002,107.35999
2/27/2002,107.51999
2/28/2002,107.76999
3/1/2002,106.57
3/4/2002,106.37
3/5/2002,106.01999
3/6/2002,105.53
3/7/2002,105.26999
3/8/2002,105.24
3/11/2002,105.37
3/12/2002,105.34
3/13/2002,105.21999
3/14/2002,105.01
3/15/2002,104.99
3/18/2002,105.17
3/19/2002,105.21999
3/20/2002,104.92
3/21/2002,105.1
3/22/2002,104.79999
3/25/2002,104.62
3/26/2002,105
3/27/2002,105.03
3/28/2002,104.78
4/2/2002,104.93
4/3/2002,105.26
4/4/2002,105.71999
4/5/2002,105.82999
4/8/2002,105.48
4/9/2002,105.56
4/10/2002,105.45
4/11/2002,105.79
4/12/2002,105.74
4/15/2002,106.06
4/16/2002,105.51999
4/17/2002,105.35
4/18/2002,105.43999
4/19/2002,105.34
4/22/2002,105.65999
4/23/2002,105.43
4/24/2002,105.76999
4/25/2002,106.14
4/26/2002,106.29
4/29/2002,105.92
4/30/2002,105.98
5/2/2002,105.60999
5/3/2002,106.28
5/6/2002,106.10999
5/7/2002,106.21
5/8/2002,105.74
5/9/2002,105.51
5/10/2002,105.62
5/13/2002,105.42
5/14/2002,105.07999
5/15/2002,105.09
5/16/2002,105.26999
5/17/2002,105.12
5/20/2002,105.62999
5/21/2002,105.68999
5/22/2002,105.79999
5/23/2002,106.17
5/24/2002,105.84
5/27/2002,105.68999
5/28/2002,105.85
5/29/2002,105.99
5/30/2002,106.17
5/31/2002,105.76
6/3/2002,105.82999
6/4/2002,106.09
6/5/2002,105.92
6/6/2002,105.99
6/7/2002,105.9
6/10/2002,106.06
6/11/2002,106.07999
6/12/2002,106.35
6/13/2002,106.74
6/14/2002,107.15
6/17/2002,106.87
6/18/2002,107.14
6/19/2002,107.4
6/20/2002,107.12999
6/21/2002,107.37999
6/24/2002,107.59
6/25/2002,107.26999
6/26/2002,107.89
6/27/2002,107.60999
6/28/2002,107.42
7/1/2002,107.32999
7/2/2002,107.79
7/3/2002,107.53
7/4/2002,107.21999
7/5/2002,106.9
7/8/2002,107.14
7/9/2002,107.12
7/10/2002,107.62999
7/11/2002,107.93999
7/12/2002,108.21
7/15/2002,108.46
7/16/2002,108.04999
7/17/2002,108.12999
7/18/2002,108.10999
7/19/2002,108.43999
7/22/2002,108.81
7/23/2002,108.6
7/24/2002,109.40999
7/25/2002,109.2
7/26/2002,109.40999
7/29/2002,108.84
7/30/2002,108.75
7/31/2002,109.24
8/1/2002,109.68
8/2/2002,110.35999
8/5/2002,110.78
8/6/2002,110.35999
8/7/2002,110.75
8/8/2002,110.53
8/9/2002,110.73
8/12/2002,110.98
8/13/2002,111.23
8/14/2002,111.53
8/15/2002,110.76999
8/16/2002,110.7
8/19/2002,110.29999
8/20/2002,110.81
8/21/2002,109.89
8/22/2002,109.74
8/23/2002,110.06
8/26/2002,110.09
8/27/2002,110.07
8/28/2002,110.67
8/29/2002,110.71999
8/30/2002,110.87999
9/2/2002,110.65999
9/3/2002,111.37999
9/4/2002,111.28
9/5/2002,111.59
9/6/2002,111.42
9/9/2002,111.43999
9/10/2002,111.10999
9/11/2002,110.54999
9/12/2002,111.18
9/13/2002,111.32999
9/16/2002,111.9
9/17/2002,111.9
9/18/2002,112.09
9/19/2002,112.12999
9/20/2002,111.90999
9/23/2002,112.34
9/24/2002,112.64
9/25/2002,112.25
9/26/2002,112.12
9/27/2002,112.25
9/30/2002,112.75
10/1/2002,112.42
10/2/2002,111.76
10/3/2002,111.90999
10/4/2002,112.2
10/7/2002,112.37999
10/8/2002,112.57
10/9/2002,112.7
10/10/2002,112.18
10/11/2002,111.2
10/14/2002,111.35
10/15/2002,110.31
10/16/2002,110.24
10/17/2002,110.31
10/18/2002,110.31
10/21/2002,109.93
10/22/2002,109.87999
10/23/2002,110.39
10/24/2002,110.04999
10/25/2002,110.48
10/28/2002,110.71999
10/29/2002,111.23
10/30/2002,110.87999
10/31/2002,111.43
11/1/2002,110.79
11/4/2002,110.71
11/5/2002,110.32999
11/6/2002,110.40999
11/7/2002,111.09
11/8/2002,111.85
11/11/2002,111.89
11/12/2002,112.2
11/13/2002,112.15
11/14/2002,111.51
11/15/2002,111.65
11/18/2002,111.59
11/19/2002,111.64
11/20/2002,111.84
11/21/2002,111.26
11/22/2002,111.15999
11/25/2002,111.01999
11/26/2002,111.51
11/27/2002,111
11/28/2002,111.09
11/29/2002,111.45
12/2/2002,110.68999
12/3/2002,111.15
12/4/2002,111.17
12/5/2002,111.40999
12/6/2002,111.6
12/9/2002,111.81
12/10/2002,111.87
12/11/2002,112.09
12/12/2002,112.65
12/13/2002,112.39
12/16/2002,112.09
12/17/2002,112.35999
12/18/2002,112.71999
12/19/2002,112.85
12/20/2002,112.79999
12/23/2002,112.82
12/27/2002,113.54999
12/30/2002,113.54
1/2/2003,112.56
1/3/2003,112.54
1/6/2003,112.65
1/7/2003,112.93999
1/8/2003,113.51999
1/9/2003,113.18
1/10/2003,113.25
1/13/2003,113.03
1/14/2003,113.24
1/15/2003,113.35999
1/16/2003,113.42
1/17/2003,114.04
1/20/2003,114.29
1/21/2003,114.49
1/22/2003,114.51
1/23/2003,114.85
1/24/2003,115.42
1/27/2003,115.10999
1/28/2003,115.04
1/29/2003,114.96999
1/30/2003,114.68
1/31/2003,114.9
2/3/2003,114.85999
2/4/2003,115.4
2/5/2003,114.81
2/6/2003,115.39
2/7/2003,115.56
2/10/2003,115.23
2/11/2003,115.54
2/12/2003,115.95
2/13/2003,116.39
2/14/2003,115.81
2/17/2003,115.68
2/18/2003,115.71
2/19/2003,116.29
2/20/2003,116.46999
2/21/2003,116.15999
2/24/2003,116.5
2/25/2003,116.65
2/26/2003,116.65
2/27/2003,116.17
2/28/2003,116.67
3/3/2003,115.84
3/4/2003,115.75
3/5/2003,115.84
3/6/2003,116.25
3/7/2003,116.42
3/10/2003,116.79
3/11/2003,116.56
3/12/2003,116.4
3/13/2003,115.25
3/14/2003,114.76
3/17/2003,113.67
3/18/2003,113.75
3/19/2003,113.01
3/20/2003,113.4
3/21/2003,112.62999
3/24/2003,113.26999
3/25/2003,113.24
3/26/2003,113.32999
3/27/2003,113.46
3/28/2003,113.95
3/31/2003,114.71999
4/1/2003,114.87
4/2/2003,113.87999
4/3/2003,113.64
4/4/2003,113.54
4/7/2003,112.98
4/8/2003,113.24
4/9/2003,113.84
4/10/2003,113.95
4/11/2003,113.51
4/14/2003,113.12999
4/15/2003,113.48
4/16/2003,113.98
4/17/2003,113.68
4/22/2003,114.07999
4/23/2003,113.76
4/24/2003,114.46999
4/25/2003,114.43999
4/28/2003,114.35999
4/29/2003,114.18
4/30/2003,114.79999
5/2/2003,114.64
5/5/2003,114.76
5/6/2003,114.79999
5/7/2003,115.65999
5/8/2003,116.09
5/9/2003,116
5/12/2003,116.07
5/13/2003,116.32999
5/14/2003,116.26
5/15/2003,116.65999
5/16/2003,116.87999
5/19/2003,117.60999
5/20/2003,117.74
5/21/2003,117.76
5/22/2003,117.95
5/23/2003,118.46
5/26/2003,118.7
5/27/2003,118.18
5/28/2003,117.46
5/29/2003,118.1
5/30/2003,118.01
6/2/2003,117.07999
6/3/2003,118.31
6/4/2003,117.96
6/5/2003,118.2
6/6/2003,117.96
6/9/2003,118.59
6/10/2003,119.14
6/11/2003,119.18
6/12/2003,119.2
6/13/2003,119.68999
6/16/2003,119.23
6/17/2003,118.51
6/18/2003,117.65999
6/19/2003,117.93
6/20/2003,117.35999
6/23/2003,117.82999
6/24/2003,117.90999
6/25/2003,118.24
6/26/2003,116.65
6/27/2003,116.10999
6/30/2003,116.82999
7/1/2003,116.7
7/2/2003,116.29999
7/3/2003,115.7
7/4/2003,116.23
7/7/2003,115.60999
7/8/2003,115.65
7/9/2003,115.95
7/10/2003,116.49
7/11/2003,116.43999
7/14/2003,116.62999
7/15/2003,115.1
7/16/2003,115.21999
7/17/2003,115.32999
7/18/2003,115.37
7/21/2003,114.99
7/22/2003,114.84
7/23/2003,115.79
7/24/2003,115.15
7/25/2003,115.53
7/28/2003,114.74
7/29/2003,114.71999
7/30/2003,114.75
7/31/2003,114
8/1/2003,113.9
8/4/2003,114.45
8/5/2003,114.14
8/6/2003,114.45
8/7/2003,114.76
8/8/2003,115.67
8/11/2003,114.9
8/12/2003,115.04999
8/13/2003,114.15
8/14/2003,113.65999
8/15/2003,114.21
8/18/2003,114.32
8/19/2003,114.57
8/20/2003,114.12999
8/21/2003,113.76999
8/22/2003,114.03
8/25/2003,114.01
8/26/2003,114.18999
8/27/2003,113.9
8/28/2003,114.26999
8/29/2003,114.28
9/1/2003,112.82
9/2/2003,111.67
9/3/2003,111.67
9/4/2003,112.10999
9/5/2003,112.40999
9/8/2003,112.81
9/9/2003,112.45
9/10/2003,112.90999
9/11/2003,112.74
9/12/2003,113.76
9/15/2003,113.57999
9/16/2003,113.39
9/17/2003,113.68
9/18/2003,113.56
9/19/2003,113.75
9/22/2003,114.24
9/23/2003,114.29
9/24/2003,114.4
9/25/2003,114.37
9/26/2003,114.87
9/29/2003,114.81
9/30/2003,115.15999
10/1/2003,115.2
10/2/2003,114.31
10/3/2003,113.31
10/6/2003,113.76
10/7/2003,113.59
10/8/2003,113.65
10/9/2003,113.1
10/10/2003,113.54
10/13/2003,112.96999
10/14/2003,112.93999
10/15/2003,112.4
10/16/2003,112.31
10/17/2003,112.53
10/20/2003,112.68999
10/21/2003,113.07
10/22/2003,113.25
10/23/2003,112.78
10/24/2003,113.2
10/27/2003,112.93999
10/28/2003,112.64
10/29/2003,112.71
10/30/2003,112.29
10/31/2003,112.75
11/3/2003,112.18
11/4/2003,112.48
11/5/2003,112.42
11/6/2003,111.64
11/7/2003,111.37999
11/10/2003,111.46999
11/11/2003,111.57
11/12/2003,111.76999
11/13/2003,112.09
11/14/2003,112.56
11/17/2003,112.82
11/18/2003,112.96999
11/19/2003,112.65999
11/20/2003,112.74
11/21/2003,113.01
11/24/2003,112.32
11/25/2003,112.26
11/26/2003,112.12
11/27/2003,111.82999
11/28/2003,111.87999
12/1/2003,111.15999
12/2/2003,111.35
12/3/2003,111.29
12/4/2003,111.68
12/5/2003,112.56
12/8/2003,112.26
12/9/2003,112.35999
12/10/2003,112.32999
12/11/2003,112.28
12/12/2003,112.79
12/15/2003,113.07999
12/16/2003,112.92
12/17/2003,113.37999
12/18/2003,113.31
12/19/2003,113.15999
12/22/2003,113.29
12/23/2003,113.42
12/29/2003,113.31
12/30/2003,113.12
1/2/2004,112.74
1/5/2004,112.85
1/6/2004,113.51
1/7/2004,113.56
1/8/2004,113.78
1/9/2004,114.49
1/12/2004,114.65
1/13/2004,114.51
1/14/2004,114.59
1/15/2004,114.46999
1/16/2004,114.34
1/19/2004,114.31
1/20/2004,114.65
1/21/2004,114.51
1/22/2004,114.7
1/23/2004,114.67
1/26/2004,114.46
1/27/2004,114.51999
1/28/2004,114.73
1/29/2004,113.53
1/30/2004,113.85
2/2/2004,113.96
2/3/2004,114.28
2/4/2004,114.26
2/5/2004,114.34
2/6/2004,114.78
2/9/2004,114.79999
2/10/2004,114.76
2/11/2004,115.06
2/12/2004,115
2/13/2004,115.12
2/16/2004,115.07
2/17/2004,115.31
2/18/2004,115.32999
2/19/2004,115.21999
2/20/2004,114.9
2/23/2004,115.04
2/24/2004,115.4
2/25/2004,115.51999
2/26/2004,115.43999
2/27/2004,115.79999
3/1/2004,114.82
3/2/2004,114.40999
3/3/2004,114.21999
3/4/2004,114.5
3/5/2004,115.49
3/8/2004,115.87
3/9/2004,115.99
3/10/2004,115.96
3/11/2004,115.96
3/12/2004,116.01999
3/15/2004,116.12999
3/16/2004,115.85999
3/17/2004,116.15
3/18/2004,116.24
3/19/2004,116.18999
3/22/2004,116.37
3/23/2004,116.34
3/24/2004,116.57
3/25/2004,116.74
3/26/2004,116.32999
3/29/2004,115.79
3/30/2004,115.87
3/31/2004,116.07
4/1/2004,115.89
4/2/2004,114.6
4/5/2004,114.46
4/6/2004,114.75
4/7/2004,114.93999
4/8/2004,114.82999
4/13/2004,114.15
4/14/2004,114.06
4/15/2004,114.25
4/16/2004,114.37999
4/19/2004,114.45
4/20/2004,114.29
4/21/2004,113.98
4/22/2004,114.12999
4/23/2004,113.85999
4/26/2004,113.84
4/27/2004,113.87999
4/28/2004,113.78
4/29/2004,113.71
4/30/2004,114.09
5/3/2004,114.26999
5/4/2004,114.21999
5/5/2004,114.04
5/6/2004,113.62
5/7/2004,112.98
5/10/2004,113.12
5/11/2004,113.09
5/12/2004,112.82999
5/13/2004,112.68999
5/14/2004,113.03
5/17/2004,113.28
5/18/2004,113.15
5/19/2004,112.76
5/20/2004,112.93999
5/21/2004,112.87
5/24/2004,112.98
5/25/2004,113.01999
5/26/2004,113.34
5/27/2004,113.7
5/28/2004,113.32999
5/31/2004,112.90999
6/1/2004,112.46999
6/2/2004,112.32
6/3/2004,112.43
6/4/2004,112.24
6/7/2004,112.46
6/8/2004,112.59
6/9/2004,112.26999
6/10/2004,112.21
6/11/2004,111.93999
6/14/2004,112.04
6/15/2004,112.96999
6/16/2004,112.54999
6/17/2004,112.46
6/18/2004,112.71
6/21/2004,112.85999
6/22/2004,112.67
6/23/2004,112.74
6/24/2004,113.2
6/25/2004,112.96
6/28/2004,112.6
6/29/2004,112.74
6/30/2004,113.15
7/1/2004,113.2
7/2/2004,113.57
7/5/2004,113.65999
7/6/2004,113.67
7/7/2004,113.9
7/8/2004,113.93999
7/9/2004,114.03
7/12/2004,114.14
7/13/2004,113.71999
7/14/2004,113.81
7/15/2004,113.81
7/16/2004,114.32
7/19/2004,114.35999
7/20/2004,114.21
7/21/2004,113.56
7/22/2004,113.93
7/23/2004,113.95
7/26/2004,113.73
7/27/2004,113.51999
7/28/2004,113.57999
7/29/2004,113.73
7/30/2004,114.25
8/2/2004,114.34
8/3/2004,114.51999
8/4/2004,114.65999
8/5/2004,114.85999
8/6/2004,115.57999
8/9/2004,115.56
8/10/2004,115.57999
8/11/2004,115.43999
8/12/2004,115.68
8/13/2004,115.87
8/16/2004,115.43999
8/17/2004,115.64
8/18/2004,115.53
8/19/2004,115.64
8/20/2004,115.76999
8/23/2004,115.35999
8/24/2004,115.31
8/25/2004,115.6
8/26/2004,115.75
8/27/2004,115.75
8/30/2004,115.7
8/31/2004,116.18
9/1/2004,115.07
9/2/2004,114.76
9/3/2004,114.07999
9/6/2004,114.17
9/7/2004,114.2
9/8/2004,114.37
9/9/2004,114.71
9/10/2004,114.85999
9/13/2004,114.89
9/14/2004,115
9/15/2004,114.93999
9/16/2004,115.12
9/17/2004,115.31
9/20/2004,115.40999
9/21/2004,115.39
9/22/2004,115.85999
9/23/2004,116
9/24/2004,115.85
9/27/2004,115.96999
9/28/2004,115.93
9/29/2004,115.62999
9/30/2004,115.65
10/1/2004,115.35999
10/4/2004,115.32
10/5/2004,115.59
10/6/2004,115.64
10/7/2004,115.46
10/8/2004,116.07999
10/11/2004,116.04999
10/12/2004,116.43999
10/13/2004,116.42
10/14/2004,116.68
10/15/2004,116.37
10/18/2004,116.65
10/19/2004,116.53
10/20/2004,116.82999
10/21/2004,116.87
10/22/2004,116.9
10/25/2004,117.21999
10/26/2004,117.15
10/27/2004,116.84
10/28/2004,116.87
10/29/2004,116.93999
11/1/2004,116.85999
11/2/2004,116.68
11/3/2004,116.79999
11/4/2004,117.17
11/5/2004,116.6
11/8/2004,116.71999
11/9/2004,117.15
11/10/2004,116.93
11/11/2004,117.39
11/12/2004,117.85
11/15/2004,117.79999
11/16/2004,117.96
11/17/2004,117.93999
11/18/2004,117.56
11/19/2004,117.79
11/22/2004,117.98
11/23/2004,118.17
11/24/2004,118.18
11/25/2004,118.35
11/26/2004,118.42
11/29/2004,117.96
11/30/2004,118.23
12/1/2004,117.76
12/2/2004,117.26
12/3/2004,118
12/6/2004,118.37
12/7/2004,118.64
12/8/2004,118.96
12/9/2004,119.01999
12/10/2004,119.2
12/13/2004,119.29
12/14/2004,119.31
12/15/2004,119.84
12/16/2004,119.51
12/17/2004,119.12
12/20/2004,119.32999
12/21/2004,119.10999
12/22/2004,119.04
12/23/2004,119.28
12/27/2004,119.03
12/28/2004,118.46999
12/29/2004,118.15
12/30/2004,118.59
1/3/2005,118.93999
1/4/2005,118.85
1/5/2005,118.9
1/6/2005,119.03
1/7/2005,119.18999
1/10/2005,119.32999
1/11/2005,119.32999
1/12/2005,119.26
1/13/2005,119.7
1/14/2005,119.76
1/17/2005,119.89
1/18/2005,119.9
1/19/2005,120.10999
1/20/2005,119.71
1/21/2005,119.75
1/24/2005,119.87999
1/25/2005,119.79999
1/26/2005,119.76
1/27/2005,119.46
1/28/2005,119.92
1/31/2005,119.93
2/1/2005,120.01
2/2/2005,119.82999
2/3/2005,119.78
2/4/2005,120.32999
2/7/2005,120.46
2/8/2005,120.75
2/9/2005,120.82999
2/10/2005,120.71
2/11/2005,120.65
2/14/2005,120.48
2/15/2005,120.14
2/16/2005,119.87
2/17/2005,119.68999
2/18/2005,118.75
2/21/2005,118.6
2/22/2005,118.65
2/23/2005,118.49
2/24/2005,118.43
2/25/2005,118.60999
2/28/2005,118.43
3/1/2005,117.51
3/2/2005,117.17
3/3/2005,117.32999
3/4/2005,117.87
3/7/2005,118.09
3/8/2005,117.71999
3/9/2005,117.35
3/10/2005,117.25
3/11/2005,117.23
3/14/2005,117.24
3/15/2005,117.79
3/16/2005,118.15999
3/17/2005,118.01999
3/18/2005,117.9
3/21/2005,117.64
3/22/2005,118.04
3/23/2005,117.54999
3/24/2005,117.75
3/29/2005,117.85
3/30/2005,118.17
3/31/2005,118.60999
4/1/2005,118.68
4/4/2005,118.96
4/5/2005,118.84
4/6/2005,118.84
4/7/2005,119.2
4/8/2005,119.17
4/11/2005,119.24
4/12/2005,119.37999
4/13/2005,119.65
4/14/2005,119.53
4/15/2005,119.93
4/18/2005,120.06
4/19/2005,120.32
4/20/2005,120.26
4/21/2005,119.87999
4/22/2005,120.12
4/25/2005,120.34
4/26/2005,120.29999
4/27/2005,120.57999
4/28/2005,120.82999
4/29/2005,120.68999
5/2/2005,120.73
5/3/2005,120.95
5/4/2005,120.73
5/5/2005,120.95
5/6/2005,120.37999
5/9/2005,120.67
5/10/2005,121.10999
5/11/2005,121.51
5/12/2005,121.37999
5/13/2005,121.54999
5/16/2005,121.57
5/17/2005,121.60999
5/18/2005,121.79999
5/19/2005,121.59
5/20/2005,121.4
5/23/2005,121.78
5/24/2005,122.03
5/25/2005,121.95
5/26/2005,121.87999
5/27/2005,121.82999
5/30/2005,121.74
5/31/2005,122.31
6/1/2005,122.46999
6/2/2005,122.65999
6/3/2005,122.46
6/6/2005,122.71
6/7/2005,123.24
6/8/2005,123.57999
6/9/2005,123.51999
6/10/2005,123.4
6/13/2005,123
6/14/2005,122.82
6/15/2005,121.78
6/16/2005,121.92
6/17/2005,122
6/20/2005,121.99
6/21/2005,122.73
6/22/2005,123.37
6/23/2005,123.2
6/24/2005,123.43
6/27/2005,123.59
6/28/2005,123.18999
6/29/2005,123.04
6/30/2005,123.5
7/1/2005,123.31
7/4/2005,123.15
7/5/2005,122.73
7/6/2005,122.65999
7/7/2005,123.07999
7/8/2005,123.06
7/11/2005,122.59
7/12/2005,122.57999
7/13/2005,122.42
7/14/2005,122.04
7/15/2005,122.12999
7/18/2005,122.29999
7/19/2005,122.18999
7/20/2005,122.04
7/21/2005,122.03
7/22/2005,122.54
7/25/2005,122.65999
7/26/2005,122.54
7/27/2005,122.60999
7/28/2005,122.57999
7/29/2005,122.45
8/1/2005,122
8/2/2005,121.65999
8/3/2005,121.79
8/4/2005,121.59
8/5/2005,121.26
8/8/2005,121.35
8/9/2005,121.28
8/10/2005,121.56
8/11/2005,121.78
8/12/2005,122.17
8/15/2005,122.23
8/16/2005,122.65999
8/17/2005,122.68
8/18/2005,123.04999
8/19/2005,123.04
8/22/2005,123.25
8/23/2005,123.24
8/24/2005,123.26999
8/25/2005,123.57999
8/26/2005,123.42
8/29/2005,123.48
8/30/2005,123.43
8/31/2005,123.95
9/1/2005,123.43
9/2/2005,123.42
9/5/2005,123.51999
9/6/2005,123.29999
9/7/2005,123.09
9/8/2005,123.4
9/9/2005,123.56
9/12/2005,122.87
9/13/2005,123.12
9/14/2005,123.15999
9/15/2005,122.85999
9/16/2005,122.74
9/19/2005,123.17
9/20/2005,123.28
9/21/2005,123.82
9/22/2005,123.79999
9/23/2005,123.4
9/26/2005,122.76999
9/27/2005,122.76999
9/28/2005,122.84
9/29/2005,122.5
9/30/2005,122.53
10/3/2005,122.24
10/4/2005,122.21
10/5/2005,122.26999
10/6/2005,122.21999
10/7/2005,122.4
10/10/2005,122.43
10/11/2005,122.18
10/12/2005,121.85
10/13/2005,121.35
10/14/2005,121.12999
10/17/2005,121.29
10/18/2005,121.40999
10/19/2005,121.57999
10/20/2005,121.40999
10/21/2005,121.87
10/24/2005,121.7
10/25/2005,121.01
10/26/2005,120.62
10/27/2005,120.31
10/28/2005,120.28
10/31/2005,120.42
11/1/2005,120.35
11/2/2005,119.90999
11/3/2005,119.82
11/4/2005,119.54
11/7/2005,119.46
11/8/2005,119.85
11/9/2005,119.32999
11/10/2005,119.37
11/11/2005,119.35
11/14/2005,119.10999
11/15/2005,119.59
11/16/2005,120.26
11/17/2005,120.2
11/18/2005,119.37999
11/21/2005,119.79
11/22/2005,119.68
11/23/2005,119.85
11/24/2005,120.59
11/25/2005,120.5
11/28/2005,120.53
11/29/2005,120.12999
11/30/2005,120.26999
12/1/2005,120.93999
12/2/2005,121.04
12/5/2005,120.85999
12/6/2005,121.24
12/7/2005,120.92
12/8/2005,121.18999
12/9/2005,120.54
12/12/2005,120.85
12/13/2005,120.96
12/14/2005,121.18999
12/15/2005,121.21
12/16/2005,121.43
12/19/2005,121.56
12/20/2005,121.45
12/21/2005,121.07999
12/22/2005,121.24
12/23/2005,121.7
12/27/2005,121.59
12/28/2005,121.87
12/29/2005,121.68999
12/30/2005,121.84
1/2/2006,121.54
1/3/2006,121.62999
1/4/2006,122.17
1/5/2006,122.21999
1/6/2006,122.34
1/9/2006,122.35
1/10/2006,122.07999
1/11/2006,121.92
1/12/2006,122.25
1/13/2006,122.26
1/16/2006,122.18
1/17/2006,122.32999
1/18/2006,122.23
1/19/2006,121.56
1/20/2006,121.31
1/23/2006,121.17
1/24/2006,121.26999
1/25/2006,120.73
1/26/2006,120.26
1/27/2006,120.21999
1/30/2006,120.37
1/31/2006,120.43
2/1/2006,119.95
2/2/2006,119.92
2/3/2006,120.28
2/6/2006,120.26
2/7/2006,119.99
2/8/2006,120.18
2/9/2006,120.39
2/10/2006,120.56
2/13/2006,120.15
2/14/2006,120.32999
2/15/2006,120.26
2/16/2006,120.18999
2/17/2006,120.62
2/20/2006,120.76
2/21/2006,120.73
2/22/2006,120.95
2/23/2006,120.46999
2/24/2006,120.35999
2/27/2006,120.01
2/28/2006,120.39
3/1/2006,119.29
3/2/2006,118.71
3/3/2006,118.53
3/6/2006,118.68999
3/7/2006,118.5
3/8/2006,118.17
3/9/2006,118.12999
3/10/2006,117.75
3/13/2006,117.71999
3/14/2006,118.07
3/15/2006,117.92
3/16/2006,118.09
3/17/2006,117.76999
3/20/2006,118.06
3/21/2006,117.9
3/22/2006,118.18
3/23/2006,117.96999
3/24/2006,118.23
3/27/2006,118.28
3/28/2006,117.42
3/29/2006,117.24
3/30/2006,117.15999
3/31/2006,117.17
4/3/2006,116.68999
4/4/2006,116.53
4/5/2006,116.43
4/6/2006,116.2
4/7/2006,116.15999
4/10/2006,116.09
4/11/2006,116.29
4/12/2006,116.21999
4/13/2006,115.59
4/18/2006,115.57999
4/19/2006,115.62999
4/20/2006,115.82
4/21/2006,115.7
4/24/2006,115.74
4/25/2006,115.25
4/26/2006,115.29
4/27/2006,115.35
4/28/2006,115.57999
5/2/2006,115.43
5/3/2006,115.23
5/4/2006,114.98
5/5/2006,115.29
5/8/2006,115.18
5/9/2006,115.10999
5/10/2006,115.35
5/11/2006,114.82999
5/12/2006,114.81
5/15/2006,115.28
5/16/2006,115.64
5/17/2006,114.93
5/18/2006,115.62999
5/19/2006,115.87
5/22/2006,116.39
5/23/2006,116.26
5/24/2006,116.65999
5/25/2006,116.82
5/26/2006,116.73
5/29/2006,116.68999
5/30/2006,116.29
5/31/2006,116.04999
6/1/2006,115.9
6/2/2006,116.45
6/5/2006,116.21
6/6/2006,115.84
6/7/2006,115.85999
6/8/2006,116.37999
6/9/2006,116.5
6/12/2006,116.68999
6/13/2006,117.17
6/14/2006,116.87999
6/15/2006,116.35999
6/16/2006,116.5
6/19/2006,116.2
6/20/2006,115.93999
6/21/2006,115.82
6/22/2006,115.37999
6/23/2006,115.15
6/26/2006,115.03
6/27/2006,115.10999
6/28/2006,115.04999
6/29/2006,115.39
6/30/2006,115.32
7/3/2006,115.17
7/4/2006,115.29
7/5/2006,114.76999
7/6/2006,114.90999
7/7/2006,115.40999
7/10/2006,115.15999
7/11/2006,115.56
7/12/2006,115.17
7/13/2006,115.65
7/14/2006,116.15
7/17/2006,116.04999
7/18/2006,115.90999
7/19/2006,116.14
7/20/2006,116.17
7/21/2006,116.51
7/24/2006,116.43999
7/25/2006,116.37999
7/26/2006,116.2
7/27/2006,116.49
7/28/2006,116.78
7/31/2006,116.79999
8/1/2006,116.68999
8/2/2006,116.67
8/3/2006,116.29999
8/4/2006,116.93
8/7/2006,116.92
8/8/2006,116.96999
8/9/2006,116.7
8/10/2006,116.73
8/11/2006,116.32
8/14/2006,116.09
8/15/2006,116.37
8/16/2006,116.71
8/17/2006,116.82999
8/18/2006,116.99
8/21/2006,117.29999
8/22/2006,117.85
8/23/2006,117.71
8/24/2006,117.85999
8/25/2006,118.01
8/28/2006,117.96999
8/29/2006,117.64
8/30/2006,117.95
8/31/2006,118.26999
9/1/2006,117.79999
9/4/2006,117.7
9/5/2006,117.34
9/6/2006,116.93999
9/7/2006,117.15
9/8/2006,117.37
9/11/2006,117.21999
9/12/2006,116.93999
9/13/2006,117.26999
9/14/2006,117.32999
9/15/2006,117.5
9/18/2006,116.93999
9/19/2006,117.37999
9/20/2006,117.49
9/21/2006,117.54
9/22/2006,118.24
9/25/2006,118.51
9/26/2006,118.56
9/27/2006,118.4
9/28/2006,118.26
9/29/2006,118.1
10/2/2006,118.32
10/3/2006,117.92
10/4/2006,118.26999
10/5/2006,118.12
10/6/2006,117.85
10/9/2006,117.73
10/10/2006,117.26999
10/11/2006,117.31
10/12/2006,117.35
10/13/2006,117.1
10/16/2006,117.07999
10/17/2006,117.32999
10/18/2006,117.18
10/19/2006,116.92
10/20/2006,116.99
10/23/2006,116.65999
10/24/2006,116.67
10/25/2006,116.57999
10/26/2006,116.76
10/27/2006,117.17
10/30/2006,117.32
10/31/2006,117.82
11/1/2006,118.15999
11/2/2006,117.82
11/3/2006,117.57999
11/6/2006,117.35999
11/7/2006,117.82999
11/8/2006,117.64
11/9/2006,117.82
11/10/2006,118.09
11/13/2006,117.9
11/14/2006,118.06
11/15/2006,117.85999
11/16/2006,117.84
11/17/2006,118.01999
11/20/2006,118.2
11/21/2006,118.2
11/22/2006,118.23
11/23/2006,117.96999
11/24/2006,118.46
11/27/2006,118.18
11/28/2006,118.43999
11/29/2006,118.21
11/30/2006,118.48
12/1/2006,118.90999
12/4/2006,118.9
12/5/2006,118.74
12/6/2006,118.71999
12/7/2006,118.51
12/8/2006,118.32
12/11/2006,118.1
12/12/2006,118.1
12/13/2006,118.06
12/14/2006,117.6
12/15/2006,117.49
12/18/2006,117.21999
12/19/2006,116.89
12/20/2006,116.92
12/21/2006,116.75
12/22/2006,116.62
12/27/2006,116.32999
12/28/2006,116.07999
12/29/2006,116.03
1/2/2007,116.35
1/3/2007,116.18999
1/4/2007,116.35
1/5/2007,115.9
1/8/2007,115.96
1/9/2007,115.7
1/10/2007,115.62
1/11/2007,115.65
1/12/2007,115.15999
1/15/2007,115.29
1/16/2007,115.43
1/17/2007,115.43
1/18/2007,115.15999
1/19/2007,115.25
1/22/2007,115.57
1/23/2007,115.57
1/24/2007,115.37
1/25/2007,115.1
1/26/2007,115
1/29/2007,114.74
1/30/2007,114.82
1/31/2007,114.96999
2/1/2007,115.01
2/2/2007,115.26
2/5/2007,115.53
2/6/2007,115.51999
2/7/2007,115.54999
2/8/2007,115.43
2/9/2007,115.06
2/12/2007,114.89
2/13/2007,114.76
2/14/2007,114.96999
2/15/2007,115.43999
2/16/2007,115.39
2/19/2007,115.26
2/20/2007,115.26999
2/21/2007,115.43999
2/22/2007,115.09
2/23/2007,115.45
2/26/2007,115.89
2/27/2007,116.15
2/28/2007,116.21
3/1/2007,115.82999
3/2/2007,115.90999
3/5/2007,116.12999
3/6/2007,116.15
3/7/2007,116.17
3/8/2007,116.07999
3/9/2007,115.87
3/12/2007,116.01
3/13/2007,116.28
3/14/2007,116.57
3/15/2007,116.29999
3/16/2007,116.32999
3/19/2007,116.12999
3/20/2007,116.28
3/21/2007,116.14
3/22/2007,115.96
3/23/2007,115.56
3/26/2007,115.56
3/27/2007,115.34
3/28/2007,115.29999
3/29/2007,115.06
3/30/2007,114.92
4/2/2007,114.9
4/3/2007,114.62999
4/4/2007,114.87999
4/5/2007,114.65999
4/10/2007,114.37999
4/11/2007,114.25
4/12/2007,113.90999
4/13/2007,113.45
4/16/2007,113.71
4/17/2007,113.92
4/18/2007,114.15999
4/19/2007,113.82
4/20/2007,113.71999
4/23/2007,113.93999
4/24/2007,114.07
4/25/2007,113.9
4/26/2007,113.65
4/27/2007,113.60999
4/30/2007,114.15
5/2/2007,113.65999
5/3/2007,113.49
5/4/2007,113.79
5/7/2007,113.68
5/8/2007,113.79999
5/9/2007,113.7
5/10/2007,113.60999
5/11/2007,113.74
5/14/2007,113.24
5/15/2007,112.93999
5/16/2007,112.96999
5/17/2007,112.85
5/18/2007,112.92
5/21/2007,112.76999
5/22/2007,112.68999
5/23/2007,112.43
5/24/2007,112.51
5/25/2007,112.32
5/29/2007,112.17
5/30/2007,112.26999
5/31/2007,112.04999
6/1/2007,111.7
6/4/2007,111.76999
6/5/2007,111.43999
6/6/2007,111.79
6/7/2007,111.01
6/8/2007,110.74
6/11/2007,110.79999
6/12/2007,110.43999
6/13/2007,110.21999
6/14/2007,110.17
6/15/2007,110.17
6/18/2007,110.04999
6/19/2007,110.37999
6/20/2007,110.24
6/21/2007,110.18999
6/22/2007,110.09
6/25/2007,110.39
6/26/2007,110.59
6/27/2007,111.01999
6/28/2007,110.93999
6/29/2007,110.75
7/2/2007,111.32
7/3/2007,110.85
7/4/2007,110.56
7/5/2007,110.23
7/6/2007,109.92
7/9/2007,109.99
7/10/2007,110.65999
7/11/2007,110.74
7/12/2007,110.43999
7/13/2007,110.34
7/16/2007,110.71
7/17/2007,110.54
7/18/2007,110.98
7/19/2007,111.09
7/20/2007,111.92
7/23/2007,111.95
7/24/2007,112.01
7/25/2007,112.23
7/26/2007,112.76
7/27/2007,112.89
7/30/2007,113.12999
7/31/2007,112.75
8/1/2007,112.78
8/2/2007,112.54
8/3/2007,112.96
8/6/2007,112.95
8/7/2007,112.76
8/8/2007,112.1
8/9/2007,112.39
8/10/2007,112.71
8/13/2007,112.54999
8/14/2007,112.74
8/15/2007,112.89
8/16/2007,113.51999
8/17/2007,113.32999
8/20/2007,113.46
8/21/2007,113.75
8/22/2007,113.29
8/23/2007,113.46
8/24/2007,113.57999
8/27/2007,113.71999
8/28/2007,113.85
8/29/2007,113.9
8/30/2007,113.79
8/31/2007,113.76999
9/3/2007,113.15
9/4/2007,113.04
9/5/2007,113.62999
9/6/2007,113.75
9/7/2007,114.46
9/10/2007,114.95
9/11/2007,114.71
9/12/2007,114.40999
9/13/2007,114.07999
9/14/2007,114.06
9/17/2007,114.10999
9/18/2007,113.64
9/19/2007,113.06
9/20/2007,112.68999
9/21/2007,112.5
9/24/2007,112.35999
9/25/2007,112.71
9/26/2007,112.21999
9/27/2007,112.26999
9/28/2007,112.68
10/1/2007,112.74
10/2/2007,112.73
10/3/2007,112.57
10/4/2007,112.87999
10/5/2007,112.40999
10/8/2007,112.34
10/9/2007,112.68
10/10/2007,112.35
10/11/2007,112.07
10/12/2007,111.76
10/15/2007,111.75
10/16/2007,111.7
10/17/2007,112.06
10/18/2007,112.59
10/19/2007,113.39
10/22/2007,113.79
10/23/2007,113.7
10/24/2007,114.15
10/25/2007,113.96999
10/26/2007,113.76
10/29/2007,113.90999
10/30/2007,113.79
10/31/2007,113.32999
11/1/2007,113.57
11/2/2007,113.87
11/5/2007,113.89
11/6/2007,113.79
11/7/2007,114.1
11/8/2007,114.26999
11/9/2007,114.7
11/12/2007,114.54999
11/13/2007,114.35
11/14/2007,114.15
11/15/2007,114.32999
11/16/2007,114.51999
11/19/2007,115
11/20/2007,114.71999
11/21/2007,115.17
11/22/2007,115.32999
11/23/2007,115.18
11/26/2007,115.23
11/27/2007,115.07999
11/28/2007,114.46
11/29/2007,114.81
11/30/2007,114.37999
12/3/2007,115.26
12/4/2007,115.71999
12/5/2007,115.57999
12/6/2007,115.2
12/7/2007,114.1
12/10/2007,113.51999
12/11/2007,113.74
12/12/2007,113.1
12/13/2007,113.24
12/14/2007,112.98
12/17/2007,113.12999
12/18/2007,113.18
12/19/2007,113.1
12/20/2007,113.5
12/21/2007,112.95
12/27/2007,112.71
12/28/2007,113.10999
1/2/2008,114.12999
1/3/2008,114.37
1/4/2008,114.9
1/7/2008,115.03
1/8/2008,114.68
1/9/2008,115.32
1/10/2008,115.28
1/11/2008,115.25
1/14/2008,115.51
1/15/2008,115.81
1/16/2008,116.23
1/17/2008,116.17
1/18/2008,116.31
1/21/2008,116.85999
1/22/2008,116.07
1/23/2008,117.07
1/24/2008,116.03
1/25/2008,116.32999
1/28/2008,116.54999
1/29/2008,116.09
1/30/2008,115.87999
1/31/2008,116.68999
2/1/2008,116.78
2/4/2008,116.53
2/5/2008,117.37999
2/6/2008,116.90999
2/7/2008,117.21999
2/8/2008,117.23
2/11/2008,117.45
2/12/2008,116.46
2/13/2008,116.53
2/14/2008,116.12999
2/15/2008,116.43
2/18/2008,115.92
2/19/2008,116.21
2/20/2008,115.93
2/21/2008,115.93
2/22/2008,116.04999
2/25/2008,115.62
2/26/2008,115.40999
2/27/2008,115.26
2/28/2008,116.04999
2/29/2008,117.06
3/3/2008,117.04
3/4/2008,117.32
3/5/2008,116.79999
3/6/2008,117.26
3/7/2008,117.40999
3/10/2008,118.04999
3/11/2008,117.46999
3/12/2008,117.62999
3/13/2008,117.71
3/14/2008,117.82999
3/17/2008,118.23
3/18/2008,117.59
3/19/2008,117.56
3/20/2008,117.54999
3/25/2008,116.25
3/26/2008,116.04
3/27/2008,115.76999
3/28/2008,115.73
3/31/2008,115.98
4/1/2008,115.34
4/2/2008,115.18
4/3/2008,115.29
4/4/2008,115.54
4/7/2008,115.04
4/8/2008,114.96
4/9/2008,114.90999
4/10/2008,115.32999
4/11/2008,115.87
4/14/2008,115.96999
4/15/2008,115.53
4/16/2008,114.87
4/17/2008,114.48
4/18/2008,113.93
4/21/2008,114.07
4/22/2008,113.76
4/23/2008,113.9
4/24/2008,113.54999
4/25/2008,113.68
4/28/2008,113.53
4/29/2008,114.04999
4/30/2008,114.07
5/2/2008,113.42
5/5/2008,113.76999
5/6/2008,113.98
5/7/2008,113.57
5/8/2008,114.53
5/9/2008,115.14
5/12/2008,115.01999
5/13/2008,114.35
5/14/2008,113.71999
5/15/2008,113.18
5/16/2008,113.62999
5/19/2008,113.25
5/20/2008,113.57999
5/21/2008,112.96999
5/22/2008,112.67
5/23/2008,113.06
5/26/2008,112.82999
5/27/2008,112.7
5/28/2008,112.32999
5/29/2008,111.59
5/30/2008,111.92
6/2/2008,112.5
6/3/2008,111.76999
6/4/2008,112.18999
6/5/2008,111.46
6/6/2008,111.93
6/9/2008,111.32999
6/10/2008,111.17
6/11/2008,110.87999
6/12/2008,110.42
6/13/2008,109.87
6/16/2008,110.09
6/17/2008,110.2
6/18/2008,110.29999
6/19/2008,109.79999
6/20/2008,110.26
6/23/2008,110.48
6/24/2008,110.57999
6/25/2008,110.45
6/26/2008,111.23
6/27/2008,111.37
6/30/2008,110.57
7/1/2008,110.4
7/2/2008,110.12999
7/3/2008,110.82
7/4/2008,111.40999
7/7/2008,112.03
7/8/2008,112.14
7/9/2008,112.2
7/10/2008,112.32
7/11/2008,112.06
7/14/2008,112.28
7/15/2008,112.42
7/16/2008,112.29999
7/17/2008,111.92
7/18/2008,110.85
7/21/2008,110.2
7/22/2008,110.21
7/23/2008,109.96999
7/24/2008,110.76
7/25/2008,110.60999
7/28/2008,111.14
7/29/2008,111.64
7/30/2008,112.04999
7/31/2008,112.51
8/1/2008,112.53
8/4/2008,112.79999
8/5/2008,112.9
8/6/2008,112.85
8/7/2008,113.48
8/8/2008,113.57999
8/11/2008,113.46
8/12/2008,113.79999
8/13/2008,114.03
8/14/2008,113.95
8/15/2008,114.2
8/18/2008,114.40999
8/19/2008,114.32999
8/20/2008,114.54
8/21/2008,114.15
8/22/2008,113.85999
8/25/2008,114.64
8/26/2008,114.65
8/27/2008,114.10999
8/28/2008,114.15
8/29/2008,114.15999
9/1/2008,114.21999
9/2/2008,113.92
9/3/2008,114.12999
9/4/2008,114.71
9/5/2008,115.37999
9/8/2008,114.71999
9/9/2008,115.07999
9/10/2008,114.93999
9/11/2008,114.79
9/12/2008,113.95
9/15/2008,114.89
9/16/2008,115.43
9/17/2008,115.32
9/18/2008,115.28
9/19/2008,113.73
9/22/2008,113.23
9/23/2008,113.29999
9/24/2008,113.99
9/25/2008,113.32999
9/26/2008,113.81
9/29/2008,115.49
9/30/2008,115.07
10/1/2008,115.37
10/2/2008,115.71999
10/3/2008,115.65
10/6/2008,117.17
10/7/2008,117.04999
10/8/2008,116.85
10/9/2008,116.10999
10/10/2008,115.37999
10/13/2008,114.43999
10/14/2008,113.99
10/15/2008,113.98
10/16/2008,114.53
10/17/2008,114.76
10/20/2008,114.78
10/21/2008,115.24
10/22/2008,116.62999
10/23/2008,116.64
10/24/2008,117.07999
10/27/2008,117.10999
10/28/2008,117.21999
10/29/2008,116.96
10/30/2008,117.21999
10/31/2008,115.93
11/3/2008,116.57
11/4/2008,116.68
11/5/2008,117.07
11/6/2008,117.51999
11/7/2008,117.74
11/10/2008,117.87
11/11/2008,118.04
11/12/2008,118.46
11/13/2008,118.32999
11/14/2008,118.76
11/17/2008,118.74
11/18/2008,118.76
11/19/2008,119.7
11/20/2008,120.82999
11/21/2008,120.7
11/24/2008,120.26999
11/25/2008,120.82999
11/26/2008,121.34
11/27/2008,121.26999
11/28/2008,121.46999
12/1/2008,122.87999
12/2/2008,123.93999
12/3/2008,124.4
12/4/2008,123.87999
12/5/2008,124.4
12/8/2008,123.01999
12/9/2008,122.17
12/10/2008,122.48
12/11/2008,122.42
12/12/2008,121.56
12/15/2008,122.4
12/16/2008,122.99
12/17/2008,124.75
12/18/2008,124.53
12/19/2008,124.35
12/22/2008,125.01999
12/23/2008,124.92
12/29/2008,125.35
12/30/2008,124.84
1/2/2009,125.28
1/5/2009,124.65
1/6/2009,123.43
1/7/2009,122.85999
1/8/2009,123.57
1/9/2009,124.71999
1/12/2009,125.12999
1/13/2009,125.12
1/14/2009,125.82999
1/15/2009,126.17
1/16/2009,125.59
1/19/2009,125.18
1/20/2009,124.98
1/21/2009,125.29
1/22/2009,124.26999
1/23/2009,123.29
1/26/2009,122.35999
1/27/2009,122.71999
1/28/2009,123.06
1/29/2009,122.89
1/30/2009,122.37
2/2/2009,122.68999
2/3/2009,122.18
2/4/2009,121.92
2/5/2009,122.26
2/6/2009,122.01999
2/9/2009,121.71999
2/10/2009,122.35
2/11/2009,123.76999
2/12/2009,124.75
2/13/2009,124.51999
2/16/2009,125.18999
2/17/2009,125.76
2/18/2009,125.71999
2/19/2009,124.71
2/20/2009,125.49
2/23/2009,125.40999
2/24/2009,125.68999
2/25/2009,125.82
2/26/2009,124.45
2/27/2009,124.7
3/2/2009,124.10999
3/3/2009,124.09
3/4/2009,123.26
3/5/2009,124.15
3/6/2009,125.37
3/9/2009,125.1
3/10/2009,124.49
3/11/2009,123.79
3/12/2009,124.45
3/13/2009,124
3/16/2009,123.2
3/17/2009,122.60999
3/18/2009,122.25
3/19/2009,123.93999
3/20/2009,124.6
3/23/2009,124.1
3/24/2009,123.04
3/25/2009,123.01999
3/26/2009,123.07999
3/27/2009,123.59
3/30/2009,124.2
3/31/2009,124.43
4/1/2009,124.37999
4/2/2009,122.93999
4/3/2009,122.28
4/6/2009,122.23
4/7/2009,122.14
4/8/2009,122.29
4/9/2009,121.81
4/14/2009,122.29999
4/15/2009,122.93999
4/16/2009,122.65
4/17/2009,121.79999
4/20/2009,122.89
4/21/2009,123.18999
4/22/2009,122.34
4/23/2009,122.17
4/24/2009,122.46
4/27/2009,122.78
4/28/2009,122.96
4/29/2009,123.07999
4/30/2009,122.53
5/4/2009,122.01999
5/5/2009,122.35
5/6/2009,122.09
5/7/2009,120.93
5/8/2009,120.31
5/11/2009,120.87
5/12/2009,120.62
5/13/2009,121.32
5/14/2009,121.7
5/15/2009,121.14
5/18/2009,121.32999
5/19/2009,120.51
5/20/2009,120.53
5/21/2009,121.18
5/22/2009,120.25
5/25/2009,119.62999
5/26/2009,119.62999
5/27/2009,119.4
5/28/2009,119.18
5/29/2009,119.53
6/1/2009,118.32
6/2/2009,118.35
6/3/2009,119.15999
6/4/2009,118.54
6/5/2009,117.65999
6/8/2009,118.2
6/9/2009,118.59
6/10/2009,118.2
6/11/2009,117.93
6/12/2009,118.51999
6/15/2009,119.48
6/16/2009,119.37999
6/17/2009,119.85999
6/18/2009,119.28
6/19/2009,119.68999
6/22/2009,120.18
6/23/2009,120.23
6/24/2009,120.32999
6/25/2009,120.62999
6/26/2009,120.96
6/29/2009,121.15
6/30/2009,121.07999
7/1/2009,120.92
7/2/2009,121.65
7/3/2009,121.57
7/6/2009,121.96
7/7/2009,121.75
7/8/2009,122.15999
7/9/2009,121.98
7/10/2009,122.32
7/13/2009,122.29
7/14/2009,121.9
7/15/2009,121.35999
7/16/2009,121.48
7/17/2009,121.15
7/20/2009,120.93999
7/21/2009,121.26
7/22/2009,121.31
7/23/2009,120.54999
7/24/2009,120.32999
7/27/2009,120.29999
7/28/2009,120.76999
7/29/2009,120.82999
7/30/2009,120.82
7/31/2009,122.04
8/3/2009,121.62
8/4/2009,121.59
8/5/2009,121.67
8/6/2009,121.43
8/7/2009,120.26
8/10/2009,120.35
8/11/2009,120.49
8/12/2009,120.65
8/13/2009,120.85999
8/14/2009,121.89
8/17/2009,122.24
8/18/2009,122.17
8/19/2009,122.67
8/20/2009,122.51999
8/21/2009,122.03
8/24/2009,122.01
8/25/2009,122.43999
8/26/2009,122.81
8/27/2009,122.7
8/28/2009,122.62999
8/31/2009,122.62999
9/1/2009,121.2
9/2/2009,121.5
9/3/2009,121.37
9/4/2009,121.51
9/7/2009,121.48
9/8/2009,121.18
9/9/2009,120.48
9/10/2009,120.9
9/11/2009,121.60999
9/14/2009,121.37999
9/15/2009,121.07
9/16/2009,120.76
9/17/2009,120.46
9/18/2009,120.43999
9/21/2009,120.35
9/22/2009,120.24
9/23/2009,120.48
9/24/2009,121.12
9/25/2009,121.48
9/28/2009,121.56
9/29/2009,121.74
9/30/2009,121.87999
10/1/2009,122.32
10/2/2009,122.67
10/5/2009,122.7
10/6/2009,122.43
10/7/2009,122.79
10/8/2009,122.87
10/9/2009,122.09
10/12/2009,122.29999
10/13/2009,122.54999
10/14/2009,122
10/15/2009,121.43
10/16/2009,121.46
10/19/2009,121.29999
10/20/2009,121.82
10/21/2009,121.15999
10/22/2009,121.18999
10/23/2009,120.84
10/26/2009,120.82999
10/27/2009,121.51999
10/28/2009,121.67
10/29/2009,121.21
10/30/2009,121.9
11/2/2009,121.90999
11/3/2009,121.75
11/4/2009,121.25
11/5/2009,121.01
11/6/2009,120.95
11/9/2009,121.32999
11/10/2009,121.71999
11/11/2009,121.71
11/12/2009,121.56
11/13/2009,121.32
11/16/2009,121.81
11/17/2009,122.24
11/18/2009,122.24
11/19/2009,122.48
11/20/2009,122.56
11/23/2009,122.45
11/24/2009,122.71999
11/25/2009,122.65
11/26/2009,123.54
11/27/2009,123.48
11/30/2009,123.62999
12/1/2009,123.34
12/2/2009,123.26999
12/3/2009,123.07999
12/4/2009,122.53
12/7/2009,122.96
12/8/2009,123.4
12/9/2009,123.51
12/10/2009,123.10999
12/11/2009,122.68999
12/14/2009,122.96999
12/15/2009,122.48
12/16/2009,122.78
12/17/2009,123.4
12/18/2009,123.54
12/21/2009,123.04
12/22/2009,122.35999
12/23/2009,121.89
12/28/2009,121.42
12/29/2009,121.49
12/30/2009,121.18999
1/4/2010,121.34
1/5/2010,121.43999
1/6/2010,121.23
1/7/2010,121.43999
1/8/2010,121.4
1/11/2010,121.71
1/12/2010,122.14
1/13/2010,122.2
1/14/2010,122.24
1/15/2010,122.57
1/18/2010,122.71999
1/19/2010,122.48
1/20/2010,123.04
1/21/2010,123.15
1/22/2010,123.15
1/25/2010,123.15
1/26/2010,123.28
1/27/2010,123.37999
1/28/2010,123.29999
1/29/2010,123.37999
2/1/2010,123.51
2/2/2010,123.46999
2/3/2010,123.21
2/4/2010,123.7
2/5/2010,124.2
2/8/2010,123.90999
2/9/2010,123.98
2/10/2010,123.46999
2/11/2010,123.15
2/12/2010,123.54999
2/15/2010,123.37
2/16/2010,123.37999
2/17/2010,123.51
2/18/2010,123
2/19/2010,122.65999
2/22/2010,122.82
2/23/2010,123.67
2/24/2010,124.01
2/25/2010,124.29999
2/26/2010,124.45
3/1/2010,122.85999
3/2/2010,122.74
3/3/2010,122.60999
3/4/2010,122.79999
3/5/2010,122.51999
3/8/2010,122.48
3/9/2010,122.82999
3/10/2010,122.60999
3/11/2010,122.4
3/12/2010,122.56
3/15/2010,122.71
3/16/2010,122.85999
3/17/2010,123.15999
3/18/2010,123.07999
3/19/2010,123.18999
3/22/2010,123.57999
3/23/2010,123.67
3/24/2010,123.53
3/25/2010,122.87
3/26/2010,122.74
3/29/2010,122.96999
3/30/2010,123.18
3/31/2010,123.35
4/1/2010,123.43999
4/6/2010,122.87999
4/7/2010,123.10999
4/8/2010,123.46999
4/9/2010,122.84
4/12/2010,122.67
4/13/2010,122.98
4/14/2010,123.14
4/15/2010,123.18999
4/16/2010,123.65
4/19/2010,123.74
4/20/2010,123.5
4/21/2010,123.76
4/22/2010,124.01
4/23/2010,123.96999
4/26/2010,124.06
4/27/2010,124.64
4/28/2010,124.6
4/29/2010,124.43
4/30/2010,124.85
5/3/2010,124.5
5/4/2010,125.51
5/5/2010,126.35
5/6/2010,127.01
5/7/2010,126.96999
5/10/2010,125.49
5/11/2010,125.62999
5/12/2010,125.67
5/13/2010,125.85999
5/14/2010,126.53
5/17/2010,126.6
5/18/2010,126.85999
5/19/2010,127.46999
5/20/2010,128.31
5/21/2010,128.54
5/24/2010,128.60999
5/25/2010,129.37999
5/26/2010,128.71999
5/27/2010,128.32999
5/28/2010,128.5
5/31/2010,128.79999
6/1/2010,128.15999
6/2/2010,128.32
6/3/2010,128.07
6/4/2010,129.04999
6/7/2010,129.31
6/8/2010,129.79999
6/9/2010,129.2
6/10/2010,128.68
6/11/2010,129.25
6/14/2010,128.53
6/15/2010,128.29999
6/16/2010,128.32999
6/17/2010,128.35999
6/18/2010,127.67
6/21/2010,127.4
6/22/2010,128.1
6/23/2010,128.62
6/24/2010,129.14
6/25/2010,128.98
6/28/2010,129.2
6/29/2010,129.43
6/30/2010,129.39
7/1/2010,129.56
7/2/2010,129.31
7/5/2010,129.7
7/6/2010,129.29999
7/7/2010,129.21999
7/8/2010,128.93
7/9/2010,128.89
7/12/2010,129.34
7/13/2010,128.87999
7/14/2010,128.71999
7/15/2010,128.79999
7/16/2010,129.15999
7/19/2010,128.73
7/20/2010,128.9
7/21/2010,128.90999
7/22/2010,128.68999
7/23/2010,128.32999
7/26/2010,127.73
7/27/2010,127.68999
7/28/2010,127.81
7/29/2010,128.06
7/30/2010,128.54999
8/2/2010,128.34
8/3/2010,129.06
8/4/2010,129.2
8/5/2010,129.62999
8/6/2010,130.1
8/9/2010,130.03
8/10/2010,129.95
8/11/2010,131.14
8/12/2010,131.21999
8/13/2010,131.48
8/16/2010,132.04999
8/17/2010,131.68999
8/18/2010,132.15999
8/19/2010,132.45
8/20/2010,132.89
8/23/2010,132.76
8/24/2010,133.9
8/25/2010,134.18999
8/26/2010,133.93999
8/27/2010,133.65999
8/30/2010,134.18999
8/31/2010,134.43
9/1/2010,131.76
9/2/2010,131.25
9/3/2010,130.51999
9/6/2010,130.65
9/7/2010,131.7
9/8/2010,131.25
9/9/2010,130.78
9/10/2010,130.04999
9/13/2010,129.92
9/14/2010,130.51
9/15/2010,130.10999
9/16/2010,129.37999
9/17/2010,129.76999
9/20/2010,129.39
9/21/2010,129.65
9/22/2010,130.75
9/23/2010,131.39
9/24/2010,130.85
9/27/2010,131.51
9/28/2010,131.79
9/29/2010,131.81
9/30/2010,131.43
10/1/2010,131.31
10/4/2010,131.71
10/5/2010,131.45
10/6/2010,132.01999
10/7/2010,131.64
10/8/2010,131.85
10/11/2010,131.62999
10/12/2010,132.01
10/13/2010,131.57
10/14/2010,131.43999
10/15/2010,130.71999
10/18/2010,130.56
10/19/2010,130.23
10/20/2010,129.95
10/21/2010,129.62
10/22/2010,129.65
10/25/2010,129.84
10/26/2010,129.35999
10/27/2010,128.79999
10/28/2010,128.79
10/29/2010,129.23
11/1/2010,129.68
11/2/2010,129.78
11/3/2010,130.24
11/4/2010,130.43
11/5/2010,130.25
11/8/2010,130.51
11/9/2010,130.35999
11/10/2010,130.2
11/11/2010,130.18
11/12/2010,129.40999
11/15/2010,128.87
11/16/2010,128.14
11/17/2010,128.45
11/18/2010,127.5
11/19/2010,127.40999
11/22/2010,127.93999
11/23/2010,128.87999
11/24/2010,127.71999
11/25/2010,127.29
11/26/2010,127.35
11/29/2010,127.07
11/30/2010,128.01999
12/1/2010,126.76999
12/2/2010,126.17
12/3/2010,125.82999
12/6/2010,126.09
12/7/2010,125.01
12/8/2010,124.39
12/9/2010,124.95
12/10/2010,124.98
12/13/2010,124.57
12/14/2010,124.12
12/15/2010,124.23
12/16/2010,123.87
12/17/2010,124.37999
12/20/2010,125.29999
12/21/2010,125.17
12/22/2010,125.46999
12/23/2010,125.15
12/27/2010,124.67
12/28/2010,125.18999
12/29/2010,124.76999
12/30/2010,125.31
1/3/2011,125.73
1/4/2011,126.10999
1/5/2011,125.49
1/6/2011,125.73
1/7/2011,126.12999
1/10/2011,126.28
1/11/2011,125.79
1/12/2011,124.68999
1/13/2011,124.64
1/14/2011,124.90999
1/17/2011,124.76
1/18/2011,124.06
1/19/2011,124.34
1/20/2011,123.67
1/21/2011,123.76
1/24/2011,123.92
1/25/2011,123.96999
1/26/2011,123.60999
1/27/2011,123.34
1/28/2011,123.73
1/31/2011,123.74
2/1/2011,123.01
2/2/2011,122.87
2/3/2011,123.21999
2/4/2011,122.65
2/7/2011,122.85999
2/8/2011,122.82
2/9/2011,122.32999
2/10/2011,122.42
2/11/2011,122.78
2/14/2011,122.67
2/15/2011,122.68
2/16/2011,123.07
2/17/2011,123.75
2/18/2011,123.09
2/21/2011,123.75
2/22/2011,124.12999
2/23/2011,124.28
2/24/2011,124.40999
2/25/2011,124.32
2/28/2011,124.12
3/1/2011,122.60999
3/2/2011,122.43
3/3/2011,121.45
3/4/2011,121.74
3/7/2011,121.64
3/8/2011,121.5
3/9/2011,121.59
3/10/2011,122.03
3/11/2011,122.35999
3/14/2011,122.18999
3/15/2011,123.01999
3/16/2011,123.65
3/17/2011,122.82999
3/18/2011,122.62999
3/21/2011,122.17
3/22/2011,122.01999
3/23/2011,122.29999
3/24/2011,122.2
3/25/2011,122.03
3/28/2011,121.68999
3/29/2011,121.5
3/30/2011,121.43
3/31/2011,121.28
4/1/2011,121
4/4/2011,121.17
4/5/2011,120.93
4/6/2011,120.62
4/7/2011,120.71
4/8/2011,120.04
4/11/2011,119.9
4/12/2011,120.46
4/13/2011,120.46999
4/14/2011,120.68999
4/15/2011,121.2
4/18/2011,122.45
4/19/2011,122.17
4/20/2011,121.93999
4/21/2011,122.31
4/26/2011,122.51
4/27/2011,121.99
4/28/2011,122.67
4/29/2011,122.92
5/2/2011,122.82
5/3/2011,122.64
5/4/2011,122.48
5/5/2011,123.07
5/6/2011,123.43999
5/9/2011,124.28
5/10/2011,124.01
5/11/2011,123.93
5/12/2011,124.29999
5/13/2011,124.42
5/16/2011,124.12999
5/17/2011,124.42
5/18/2011,124.31
5/19/2011,124.12999
5/20/2011,124.76
5/23/2011,125.18
5/24/2011,124.73
5/25/2011,125.01
5/26/2011,125.51
5/27/2011,125.64
5/30/2011,125.68999
5/31/2011,125.35
6/1/2011,125.37999
6/2/2011,125.43999
6/3/2011,124.90999
6/6/2011,125.14
6/7/2011,124.48
6/8/2011,124.87999
6/9/2011,125.18
6/10/2011,125.87999
6/13/2011,125.93999
6/14/2011,125.40999
6/15/2011,125.95
6/16/2011,126.48
6/17/2011,126.07
6/20/2011,126.15
6/21/2011,125.89
6/22/2011,126.21
6/23/2011,127.18999
6/24/2011,127.45
6/27/2011,126.9
6/28/2011,126.56
6/29/2011,125.9
6/30/2011,125.48
7/1/2011,125.42
7/4/2011,125.48
7/5/2011,125.62
7/6/2011,126.51999
7/7/2011,125.96
7/8/2011,127.45
7/11/2011,129.14
7/12/2011,128.89
7/13/2011,128.35
7/14/2011,128.42
7/15/2011,128.99
7/18/2011,129.43999
7/19/2011,129.04999
7/20/2011,128.14
7/21/2011,127.01
7/22/2011,127.68999
7/25/2011,128.26
7/26/2011,128.34
7/27/2011,129.37
7/28/2011,129.43
7/29/2011,130.35999
8/1/2011,131.17
8/2/2011,131.82
8/3/2011,131.81
8/4/2011,132.79
8/5/2011,132.35999
8/8/2011,133.07999
8/9/2011,132.40999
8/10/2011,134.1
8/11/2011,133.29999
8/12/2011,132.96
8/15/2011,132.93
8/16/2011,133.10999
8/17/2011,133.92
8/18/2011,135.75
8/19/2011,135.31
8/22/2011,135.18
8/23/2011,135.28
8/24/2011,134.54
8/25/2011,134.84
8/26/2011,135.21
8/29/2011,134.39
8/30/2011,135.28
8/31/2011,134.56
9/1/2011,133.73
9/2/2011,135.1
9/5/2011,136.76999
9/6/2011,137.01
9/7/2011,136.15
9/8/2011,136.45
9/9/2011,137.76999
9/12/2011,138.24
9/13/2011,137.73
9/14/2011,136.87
9/15/2011,135.99
9/16/2011,136.65
9/19/2011,137.43
9/20/2011,137.43999
9/21/2011,137.79999
9/22/2011,138.56
9/23/2011,138.12
9/26/2011,137.26999
9/27/2011,135.87999
9/28/2011,135.65999
9/29/2011,135.25
9/30/2011,136.49
10/3/2011,137.43999
10/4/2011,138.24
10/5/2011,137.06
10/6/2011,135.87999
10/7/2011,135.40999
10/10/2011,134.62
10/11/2011,134.54999
10/12/2011,133.56
10/13/2011,134.39
10/14/2011,133.4
10/17/2011,134.62
10/18/2011,135.57999
10/19/2011,135.09
10/20/2011,135.43
10/21/2011,134.67
10/24/2011,134.76999
10/25/2011,135.26
10/26/2011,135.62
10/27/2011,133.71
10/28/2011,133.67
10/31/2011,135.46999
11/1/2011,138.15
11/2/2011,137.57
11/3/2011,136.87
11/4/2011,137.6
11/7/2011,137.90999
11/8/2011,138.03
11/9/2011,138.81
11/10/2011,138.54999
11/11/2011,137.26
11/14/2011,138.26
11/15/2011,138.71
11/16/2011,138.15
11/17/2011,137.32
11/18/2011,136.5
11/21/2011,137.15
11/22/2011,137.25
11/23/2011,135.81
11/24/2011,135.04999
11/25/2011,134.12
11/28/2011,133.87999
11/29/2011,133.39
11/30/2011,133.82
12/1/2011,134.92
12/2/2011,135.60999
12/5/2011,134.92
12/6/2011,135.01999
12/7/2011,135.79999
12/8/2011,136.82
12/9/2011,135.37
12/12/2011,136.54
12/13/2011,136.60999
12/14/2011,137.85999
12/15/2011,137.62999
12/16/2011,138.57999
12/19/2011,138.39
12/20/2011,137.5
12/21/2011,137.82999
12/22/2011,137.82999
12/23/2011,137.54999
12/27/2011,137.98
12/28/2011,138.21
12/29/2011,138.92
12/30/2011,139.04
1/2/2012,138.18999
1/3/2012,138.29
1/4/2012,138.09
1/5/2012,138.79
1/6/2012,138.84
1/9/2012,139.1
1/10/2012,138.71999
1/11/2012,139.35
1/12/2012,139.15999
1/13/2012,139.93999
1/16/2012,139.85999
1/17/2012,139.68
1/18/2012,139.87
1/19/2012,138.96
1/20/2012,138.12
1/23/2012,137.43999
1/24/2012,137.29999
1/25/2012,137.82
1/26/2012,138.68999
1/27/2012,138.89
1/30/2012,139.67
1/31/2012,139.71999
2/1/2012,139.24
2/2/2012,139.07999
2/3/2012,138.32
2/6/2012,138.62999
2/7/2012,137.95
2/8/2012,137.84
2/9/2012,137.1
2/10/2012,138.23
2/13/2012,138.23
2/14/2012,138.51999
2/15/2012,139.09
2/16/2012,139.03
2/17/2012,138.42
2/20/2012,137.96999
2/21/2012,137.96
2/22/2012,138.53
2/23/2012,139.01999
2/24/2012,139.03
2/27/2012,139.74
2/28/2012,140.06
2/29/2012,139.89
3/1/2012,137.57999
3/2/2012,138.35
3/5/2012,138.12
3/6/2012,138.54999
3/7/2012,138.56
3/8/2012,138.34
3/9/2012,138.48
3/12/2012,138.87
3/13/2012,138.23
